ac-1.JPG,cab
ac-2.JPG,cab,gravel
ac.jpg,roof
access.jpg,roof
cab-1-2-2.JPG,building,cab,gravel
cab-1-2.JPG,building,cab,gravel
cab-1.jpg,cab,gravel,fence
cab-2.jpg,gravel,cab
cab-3+h-frame.jpg,cab,gravel,fence
cab+tower-base+h-frame.jpg,towerbase,cab,gravel,fence
chain-link-fence-1-1.jpg,fence,gravel,cab
chain-link-fence-1.jpg,fence,gravel
chain-link-fence-2-2.jpg,fence,gravel
chain-link-fence-2.jpg,fence,towerbase
chain-link-fence-3-3.jpg,fence,building,gravel,cab
chain-link-fence-3.jpg,fence,building,cab
chain-link-fence-4.jpg,fence,building
chain-link-fence.jpg,towerbase,fence
chain-link-fence+cab.jpg,cab,fence,gravel
chain-link-fence+pipe.jpg,fence
chain-link-fence+power-pole.jpg,fence,gravel
chain-link-fence+tree.jpg,fence
concrete-pad+building.jpg,building,fence,gravel
electric-meter-1.JPG,cab,building
gate-1.jpg,fence,gravel,cab
generator.jpg,fence,gravel,cab
gravel+tower-base-2.jpg,gravel,building,fence,towerbase
ground+chain-link-fence.jpg,fence
h-frame-2.jpg,cab,fence,gravel
h-frame.jpg,cab,gravel,fence
h-frame+cab+ice-bridge+concrete-pad.jpg,fence,gravel,cab
h-frame+chain-link-fence.jpg,gravel,fence,cab
h-frame+power-pole+chain-link-fence.jpg,cab,fence
hand-hole-1.JPG,gravel
hand-hole-2.JPG,gravel
ice-bridge-2.jpg,gravel,fence,cab
ice-bridge.jpg,gravel,fence,cab
ice-bridge+h-frame.jpg,gravel,fence,cab
road-1-1.jpg,road
road-1.jpg,road
road-2-3.jpg,road
road-2.jpg,road
road-3.jpg,road
road-4.jpg,road
road.jpg,road
road+woods.jpg,road,gravel
road2-2.jpg,road
road4.jpg,road
roof-2.jpg,roof
roof-3.jpg,roof
roof-4.jpg,roof
roof-5.jpg,roof
roof-7.jpg,roof
roof-9.jpg,roof
roof-10.jpg,roof
roof-11.jpg,roof
roof-12.jpg,roof
roof-13.jpg,roof
roof-14.jpg,roof
roof-15.jpg,roof
roof-17.jpg,roof
roof-drain.jpg,roof
roof.jpg,roof
stake-2.jpg,stake
stake-3.jpg,stake
stake-4.jpg,stake
stake-5.jpg,stake
stake-6.jpg,stake
stake-7.jpg,stake
stake-8.jpg,stake
stake-9.jpg,stake
stake-10.jpg,stake
stake-11.jpg,stake
stake-12.jpg,stake
stake.jpg,stake
stake+pin.jpg,stake
tower-2.jpg,gravel,fence,building
tower-base-1-1.jpg,towerbase,gravel
tower-base-1-2.JPG,towerbase,gravel
tower-base-1.jpg,towerbase,gravel,fence
tower-base-2.jpg,towerbase,gravel
tower-base-3.jpg,towerbase,gravel,cab
tower-base.jpg,gravel,towerbase,building,cab,fence
transmitter.jpg,roof
water-twoer.jpg,road
woods+chain-link-fence.jpg,fence,gravel